"SEARCH QUERY","('anterior cruciate ligament'/exp OR 'anterior cruciate ligament':ti,ab OR 'anterior cruciate ligament reconstruction':ti,ab OR 'acl':ti,ab) AND ('achilles':ti,ab OR 'achilles tendon':ti,ab) AND ('randomized controlled trial':it,ti,ab OR 'randomized controlled trial':ti,ab OR 'randomised controlled trial':ti,ab)"
-------------------------------------

"Title","Original Title","Author Names","Author Addresses","Correspondence Address","Editors","AiP/IP Entry Date","Full Record Entry Date","Source","Source title","Publication Year","Volume","Issue","First Page","Last Page","Date of Publication","Publication Type","Conference Name","Conference Location","Conference Date","Conference Editors","ISSN","ISBN","Book Publisher","Abstract","Original Abstract","Author Keywords","Emtree Drug Index Terms (Major Focus)","Emtree Drug Index Terms","Emtree Medical Index Terms (Major Focus)","Emtree Medical Index Terms","Drug Tradenames","Drug Manufacturer","Device Tradenames","Device Manufacturer","CAS Registry Numbers","Molecular Sequence Numbers","Embase Classification","Clinical Trial Numbers","Article Language","Summary Language","Embase Accession ID","Medline PMID","PUI","DOI","Full Text Link","Embase Link","Open URL Link","Copyright"
"Project Tendura: The Impact of Blood Flow Restriction Resistance Training (BFR-RT) in Patients With Achilles Tendon Rupture (ATR) Repair",,,"",,"","2026-04-22","2026-04-22","clinicaltrials.gov (2026). Date of Publication: 23 Mar 2026","clinicaltrials.gov","2026",,,,,"23 Mar 2026","Clinical Trial",,,,,,,"clinicaltrials.gov","Brief SummaryThe goal of this clinical trial is to determine whether blood flow restriction resistance training (BFR-RT) improves postoperative muscle recovery and functional outcomes following primary surgical repair of acute Achilles tendon rupture (ATR) in adults undergoing standard rehabilitation. The main questions it aims to answer are: Does patient-specific BFR-RT improve ankle plantarflexion strength recovery compared with sham BFR-RT or standard rehabilitation alone? Does BFR-RT improve gastrocnemius-soleus muscle morphology and patient-reported functional outcomes following ATR repair? Researchers will compare (1) BFR-RT combined with standard physical therapy, (2) sham BFR-RT combined with standard physical therapy, and (3) standard physical therapy alone to determine whether BFR-RT enhances muscle recovery, functional outcomes, and return-to-activity timelines following surgical ATR repair. Participants will: Be randomized to BFR-RT + standard physical therapy, sham BFR-RT + standard physical therapy, or standard physical therapy alone Perform supervised rehabilitation exercises using a personalized tourniquet system calibrated to limb occlusion pressure (LOP) depending on group allocation Undergo isometric ankle plantarflexion strength testing using the Fysiometer platform Receive ultrasound imaging of the gastrocnemius-soleus complex to assess muscle cross-sectional area Complete patient-reported outcome measures assessing pain and physical function Attend follow-up evaluations at 6 weeks, 3 months, 4.5 months, 6 months, and 12 months postoperativelyDetailed DescriptionAchilles tendon rupture (ATR) is a common musculoskeletal injury that frequently results in prolonged functional impairment despite successful surgical repair. Even with modern operative techniques and standardized rehabilitation protocols, many patients demonstrate persistent weakness of the gastrocnemius-soleus complex, deficits in ankle plantarflexion strength, and delayed return to activity. These deficits are thought to arise from a combination of postoperative immobilization, restricted early loading, and muscle atrophy during the early phases of recovery. Conventional postoperative rehabilitation protocols typically emphasize gradual progression of low-load resistance training to protect the healing tendon. While these protocols prioritize tendon safety, they may provide insufficient mechanical and metabolic stimulus to promote optimal muscle hypertrophy and neuromuscular recovery during the early postoperative period. Blood flow restriction resistance training (BFR-RT) has emerged as a potential strategy to enhance muscular adaptation while using low mechanical loads. By applying controlled external pressure to the proximal limb during exercise, BFR-RT produces localized hypoxia and metabolic stress that can stimulate anabolic signaling pathways associated with muscle hypertrophy and strength gains. Prior studies in orthopedic and sports rehabilitation settings-including anterior cruciate ligament reconstruction and chronic Achilles tendinopathy-have demonstrated that low-load BFR-RT can produce physiologic adaptations comparable to traditional high-load resistance training while minimizing mechanical stress on healing tissues. However, the efficacy and safety of BFR-RT during the early rehabilitation period following primary ATR repair have not been evaluated in a prospective randomized clinical trial. This study is designed as a prospective, three-arm randomized controlled trial to evaluate whether integrating BFR-RT into postoperative ATR rehabilitation improves early muscle recovery and functional outcomes while maintaining an acceptable safety profile. Participants undergoing primary surgical repair for an acute unilateral mid-portion ATR will be randomized to one of three rehabilitation protocols: BFR-RT combined with standard physical therapy, sham BFR-RT combined with standard physical therapy, or standard physical therapy alone. The BFR intervention will be delivered using a personalized tourniquet system that determines limb occlusion pressure for each participant to standardize vascular restriction and minimize inter-individual variability in occlusion levels. Participants will undergo standardized postoperative rehabilitation and will be followed longitudinally over a 12-month recovery period. Clinical assessments will be performed at predefined postoperative intervals to evaluate physiologic recovery of the gastrocnemius-soleus complex and patient-centered functional outcomes. Safety monitoring will include systematic documentation of potential adverse events associated with postoperative rehabilitation or vascular restriction techniques. By evaluating the physiologic and clinical effects of patient-specific BFR-RT following surgical ATR repair, this study aims to generate evidence regarding whether low-load metabolic training can safely accelerate muscle recovery and improve functional rehabilitation outcomes in this population. Findings from this trial may inform future postoperative rehabilitation protocols and help define the role of BFR-RT as an adjunctive strategy in tendon repair recovery pathways.",,"Achilles Tendon Rupture,Blood Flow Restriction Therapy,Achilles Tendon Repairs/Reconstructions,Dynamic Blood Flow Restriction,Achilles Tendon,Tendon Injuries,Blood Flow Restriction Training,Achilles Rehabilitation,Postoperative Physical Therapy,Hypoxic Muscle Recovery,Blood Flow Restriction Resistance Training (BFR-RT),Sham Blood Flow Restriction,Standard Physical Therapy","","","achilles tendon, achilles tendon rupture, behavioral intervention, blood flow, blood flow restriction training, hypoxia, intervention study, parallel design, physiotherapy, resistance training, tendon, tendon injury, tendon reconstruction","achilles tendinitis, adult, aged, anterior cruciate ligament reconstruction, athletic rehabilitation, clinical assessment, clinical trial, clinical trial, controlled study, drug therapy, exercise, female, follow up, functional disease, gastrocnemius muscle, human, immobilization, male, mechanical stress, metabolic stress, middle aged, muscle atrophy, muscle hypertrophy, musculoskeletal injury, patient-reported outcome, physical functioning, postoperative period, protocol, randomized controlled trial, rehabilitation, rehabilitation protocol, signal transduction, single blind procedure, soleus muscle, strength test, surgical technique, therapy, tourniquet, weakness",,,,,,,"",,"English","English",,,LNCT07498166,,"https://clinicaltrials.gov/study/NCT07498166","https://www.embase.com/search/results?subaction=viewrecord&id=LNCT07498166&from=export",,"This record is sourced from clinicaltrials.gov, an official website of the U.S. Department of Health and Human Services, National Institutes of Health, National Library of Medicine, and National Center for Biotechnology Information. Please visit clinicaltrials.gov for latest updates on this record."
"Erratum regarding missing statements in previously published articles",,,"",,"",,"2026-04-07","Journal of Clinical Orthopaedics and Trauma (2026) 73 Article Number: 103337. Date of Publication: 1 Feb 2026","Journal of Clinical Orthopaedics and Trauma","2026","73",,,,"1 Feb 2026","Erratum",,,,,"2213-3445 (electronic),0976-5662",,"Delhi Orthopedic Association","Owing to a Publisher error, one or more mandatory statements were not included in the published versions of the following articles, that appeared in previous issues of Journal of Clinical Orthopaedics and Trauma.“Role of placental membrane in ACL graft healing – A series of 18 patients” (Journal of Clinical Orthopaedics and Trauma, 50 (2024): 102378) https://doi.org/10.1016/j.jcot.2024.102378Patient consent statement: All the patients were well informed and a consent was taken for the procedure and for inclusion in the study.Ethics approval statement: Did not require any clearance from the ethical committee, although the institutional review board was informed about the same.Funding statement: None.Acknowledgment: None“Outcomes of early treatment of radial dysplasia” (Journal of Clinical Orthopaedics and Trauma, 50 (2024): 102357) https://doi.org/10.1016/j.jcot.2024.102357Patient consent statement: Informed consent was obtained from the legal guardians of all pediatric participants included in the study.Ethics approval statement: This study was approved by the City Children's Hospital Ethical Committee under the decision number 87/QD-BVNDTP.Funding statement: None.Acknowledgment: NoneDeclaration of competing interest: The authors declare that they have no known competing financial interests or personal relationships that could have appeared to influence the work reported in this paper.’“Risk factors for tibial infections following osteosynthesis – a systematic review and meta-analysis” (Journal of Clinical Orthopaedics and Trauma, 50 (2024): 102376) https://doi.org/10.1016/j.jcot.2024.102376Missing PROSPERO number in Abstract methods section: The study protocol was registered in the International Prospective Register of Systematic Reviews (PROSPERO) database before data extraction (registration number: CRD42022324456)Acknowledgment: None“Impact of vision impairment on discharge destination for patients with hip fracture” (Journal of Clinical Orthopaedics and Trauma, 50 (2024): 102377) https://doi.org/10.1016/j.jcot.2024.102377Patient consent statement: This was a registry study from Medicare data therefore no consent was available or necessary.Acknowledgment: None“Minimally invasive endoscopic management of tubercular tenosynovitis of the anterior tibial tendon” (Journal of Clinical Orthopaedics and Trauma, 50 (2024): 102359) https://doi.org/10.1016/j.jcot.2024.102359Funding statement: None.Acknowledgment: None“Stress fractures of the foot - current evidence on management” (Journal of Clinical Orthopaedics and Trauma, 50 (2024): 102381) https://doi.org/10.1016/j.jcot.2024.102381Funding statement: None.Acknowledgment: None“Current concept review of Achilles tendinopathy” (Journal of Clinical Orthopaedics and Trauma, 50 (2024): 102374) https://doi.org/10.1016/j.jcot.2024.102374Acknowledgment: None“Percutaneous elevation of proximal tibia depressed fractures using modified new instrument” (Journal of Clinical Orthopaedics and Trauma, 50 (2024): 102383) https://doi.org/10.1016/j.jcot.2024.102383Funding statement: None.https://doi.org/10.1016/j.jcot.2024.102373“Prehabilitation: A proactive approach to enhancing outcomes in joint replacement surgery” (Journal of Clinical Orthopaedics and Trauma, 51 (2024): 102398) https://doi.org/10.1016/j.jcot.2024.102398Acknowledgment: None.“Body morphometry did not affect the accuracy of a second-generation, miniature imageless navigation system for total hip arthroplasty (THA) using a posterior approach” (Journal of Clinical Orthopaedics and Trauma, 51 (2024): 102404) https://doi.org/10.1016/j.jcot.2024.102404Funding statement: This research did not receive any specific grant from funding agencies in the public, commercial, or not-for-profit sectors. This study was partially funded by the generous donations of Mr. Baryn S. Futa.Ethics approval statement: This study received both Institutional Review Board (IRB) and Ethical Committee approval prior to initiation (06/03/21; IRB# 2021–0625)Patient consent statement: A waiver of informed consent was obtained to collect patient health information.“Manual lymphatic drainage before and after total knee arthroplasty, a randomized controlled trial” (Journal of Clinical Orthopaedics and Trauma, 51 (2024): 102401) https://doi.org/10.1016/j.jcot.2024.102401Patient consent statement: Written informed consent has been obtained from the patient or guardian for participation and publication.Missing Clinical Trial number in Abstract methods section: Trial number NCT05119764 with the U.S. National Library of Medicine.“Medial pivot dislocation of talonavicular joint- A rare injury with literature review” (Journal of Clinical Orthopaedics and Trauma, 51 (2024): 102403) https://doi.org/10.1016/j.jcot.2024.102403Patient consent statement: Written informed consent has been obtained from the patient or guardian for participation and publication.Acknowledgment: None.“Achilles tendon rupture primary repair technique: A comparative retrospective study between graft versus no-graft” (Journal of Clinical Orthopaedics and Trauma, 51 (2024): 102417) https://doi.org/10.1016/j.jcot.2024.102417CReDIT Author's contribution: Majd Mzeihem and Mohamad Nassereddine collaborated on the conceptualization of the study, while Bachar El Baba and Joseph El Bachour conducted an extensive literature review. Majd Mzeihem, Joseph El Bachour, and Hani Tamim teamed up for the statistical analysis, with Majd Mzeihem responsible for Table 3, Bachar El Baba for Table 1 and 2, and Figure 1, and Joseph El Bachour for Table 5. The introduction and abstract were crafted by Maya Hemdanieh, while Joseph El Bachour, Hani Tamim, and Bachar El Baba took charge of the results section. Majd Mzeihem handled the methods, and the discussion was a collaborative effort between Majd Mzeihem, Maya Hemdanieh, and Mohamad Nasser Eddine. Each author played a crucial role in contributing to different aspects of the study, ensuring a comprehensive and well-rounded research endeavor.Ethics approval statement: No ethical approval required since the data from NSQIP database is de-identified.Acknowledgment: The authors would like to acknowledge the training received under the Scholars in HeAlth Research Program (SHARP) that was in part supported by the Fogarty International Center and Office of Dietary Supplements of the National Institutes of Health (Award Number D43 TW009118). The content is solely the responsibility of the authors and does not necessarily represent the official views of the National Institutes of Health. The authors would like to thank Yara Ghandour who helped in different steps of the research.“Surgical technique of creation of valve mechanism with free fascia lata graft for closure of a synovial fistula of knee” (Journal of Clinical Orthopaedics and Trauma, 51 (2024): 102405) https://doi.org/10.1016/j.jcot.2024.102405Declaration of competing interest: The authors declare that they have no known competing financial interests or personal relationships that could have appeared to influence the work reported in this paper.Patient consent statement: This is a case report. Patient identity is not disclosed. So patient consent not requiredFunding statement: None.Acknowledgment: None. The appropriate missing statements, for each article are provided below.1.“Role of placental membrane in ACL graft healing – A series of 18 patients” (Journal of Clinical Orthopaedics and Trauma, 50 (2024): 102378) https://doi.org/10.1016/j.jcot.2024.102378Patient consent statement: All the patients were well informed and a consent was taken for the procedure and for inclusion in the study.Ethics approval statement: Did not require any clearance from the ethical committee, although the institutional review board was informed about the same.Funding statement: None.Acknowledgment: None2.“Outcomes of early treatment of radial dysplasia” (Journal of Clinical Orthopaedics and Trauma, 50 (2024): 102357) https://doi.org/10.1016/j.jcot.2024.102357Patient consent statement: Informed consent was obtained from the legal guardians of all pediatric participants included in the study.Ethics approval statement: This study was approved by the City Children's Hospital Ethical Committee under the decision number 87/QD-BVNDTP.Funding statement: None.Acknowledgment: NoneDeclaration of competing interest: The authors declare that they have no known competing financial interests or personal relationships that could have appeared to influence the work reported in this paper.’3.“Risk factors for tibial infections following osteosynthesis – a systematic review and meta-analysis” (Journal of Clinical Orthopaedics and Trauma, 50 (2024): 102376) https://doi.org/10.1016/j.jcot.2024.102376Missing PROSPERO number in Abstract methods section: The study protocol was registered in the International Prospective Register of Systematic Reviews (PROSPERO) database before data extraction (registration number: CRD42022324456)Acknowledgment: None4.“Impact of vision impairment on discharge destination for patients with hip fracture” (Journal of Clinical Orthopaedics and Trauma, 50 (2024): 102377) https://doi.org/10.1016/j.jcot.2024.102377Patient consent statement: This was a registry study from Medicare data therefore no consent was available or necessary.Acknowledgment: None5.“Minimally invasive endoscopic management of tubercular tenosynovitis of the anterior tibial tendon” (Journal of Clinical Orthopaedics and Trauma, 50 (2024): 102359) https://doi.org/10.1016/j.jcot.2024.102359Funding statement: None.Acknowledgment: None6.“Stress fractures of the foot - current evidence on management” (Journal of Clinical Orthopaedics and Trauma, 50 (2024): 102381) https://doi.org/10.1016/j.jcot.2024.102381Funding statement: None.Acknowledgment: None7.“Current concept review of Achilles tendinopathy” (Journal of Clinical Orthopaedics and Trauma, 50 (2024): 102374) https://doi.org/10.1016/j.jcot.2024.102374Acknowledgment: None8.“Percutaneous elevation of proximal tibia depressed fractures using modified new instrument” (Journal of Clinical Orthopaedics and Trauma, 50 (2024): 102383) https://doi.org/10.1016/j.jcot.2024.102383Funding statement: None.9.https://doi.org/10.1016/j.jcot.2024.10237310.“Prehabilitation: A proactive approach to enhancing outcomes in joint replacement surgery” (Journal of Clinical Orthopaedics and Trauma, 51 (2024): 102398) https://doi.org/10.1016/j.jcot.2024.102398Acknowledgment: None.11.“Body morphometry did not affect the accuracy of a second-generation, miniature imageless navigation system for total hip arthroplasty (THA) using a posterior approach” (Journal of Clinical Orthopaedics and Trauma, 51 (2024): 102404) https://doi.org/10.1016/j.jcot.2024.102404Funding statement: This research did not receive any specific grant from funding agencies in the public, commercial, or not-for-profit sectors. This study was partially funded by the generous donations of Mr. Baryn S. Futa.Ethics approval statement: This study received both Institutional Review Board (IRB) and Ethical Committee approval prior to initiation (06/03/21; IRB# 2021–0625)Patient consent statement: A waiver of informed consent was obtained to collect patient health information.12.“Manual lymphatic drainage before and after total knee arthroplasty, a randomized controlled trial” (Journal of Clinical Orthopaedics and Trauma, 51 (2024): 102401) https://doi.org/10.1016/j.jcot.2024.102401Patient consent statement: Written informed consent has been obtained from the patient or guardian for participation and publication.Missing Clinical Trial number in Abstract methods section: Trial number NCT05119764 with the U.S. National Library of Medicine.13.“Medial pivot dislocation of talonavicular joint- A rare injury with literature review” (Journal of Clinical Orthopaedics and Trauma, 51 (2024): 102403) https://doi.org/10.1016/j.jcot.2024.102403Patient consent statement: Written informed consent has been obtained from the patient or guardian for participation and publication.Acknowledgment: None.14.“Achilles tendon rupture primary repair technique: A comparative retrospective study between graft versus no-graft” (Journal of Clinical Orthopaedics and Trauma, 51 (2024): 102417) https://doi.org/10.1016/j.jcot.2024.102417CReDIT Author's contribution: Majd Mzeihem and Mohamad Nassereddine collaborated on the conceptualization of the study, while Bachar El Baba and Joseph El Bachour conducted an extensive literature review. Majd Mzeihem, Joseph El Bachour, and Hani Tamim teamed up for the statistical analysis, with Majd Mzeihem responsible for Table 3, Bachar El Baba for Table 1 and 2, and Figure 1, and Joseph El Bachour for Table 5. The introduction and abstract were crafted by Maya Hemdanieh, while Joseph El Bachour, Hani Tamim, and Bachar El Baba took charge of the results section. Majd Mzeihem handled the methods, and the discussion was a collaborative effort between Majd Mzeihem, Maya Hemdanieh, and Mohamad Nasser Eddine. Each author played a crucial role in contributing to different aspects of the study, ensuring a comprehensive and well-rounded research endeavor.Ethics approval statement: No ethical approval required since the data from NSQIP database is de-identified.Acknowledgment: The authors would like to acknowledge the training received under the Scholars in HeAlth Research Program (SHARP) that was in part supported by the Fogarty International Center and Office of Dietary Supplements of the National Institutes of Health (Award Number D43 TW009118). The content is solely the responsibility of the authors and does not necessarily represent the official views of the National Institutes of Health. The authors would like to thank Yara Ghandour who helped in different steps of the research.15.“Surgical technique of creation of valve mechanism with free fascia lata graft for closure of a synovial fistula of knee” (Journal of Clinical Orthopaedics and Trauma, 51 (2024): 102405) https://doi.org/10.1016/j.jcot.2024.102405Declaration of competing interest: The authors declare that they have no known competing financial interests or personal relationships that could have appeared to influence the work reported in this paper.Patient consent statement: This is a case report. Patient identity is not disclosed. So patient consent not requiredFunding statement: None.Acknowledgment: None.",,,"","","erratum","",,,,,,,"",,"English","English",,,L2044613076,10.1016/j.jcot.2026.103337,"http://dx.doi.org/10.1016/j.jcot.2026.103337","https://www.embase.com/search/results?subaction=viewrecord&id=L2044613076&from=export","https://catalyst.library.jhu.edu/openurl/01JHU_INST/01JHU_INST:JHU?sid=EMBASE&sid=EMBASE&issn=22133445&id=doi:10.1016%2Fj.jcot.2026.103337&atitle=Erratum+regarding+missing+statements+in+previously+published+articles&stitle=J.+Clin.+Orthop.+Traum.&title=Journal+of+Clinical+Orthopaedics+and+Trauma&volume=73&issue=&spage=&epage=&aulast=&aufirst=&auinit=&aufull=&coden=&isbn=&pages=-&date=2026&auinit1=&auinitm=","Copyright 2026 Elsevier B.V., All rights reserved."
"Sportskongres 2025",,,"",,"",,"2025-02-18","BMJ Open Sport and Exercise Medicine (2025) 11 Supplement 1. Date of Publication: 2025","BMJ Open Sport and Exercise Medicine","2025","11",,,,"2025","Conference Review","Sportskongres 2025","unknown, Copenhagen","2025-01-23 to 2025-01-25","","2055-7647",,"BMJ Publishing Group","The proceedings contain 51 papers. The topics discussed include: effects of protein supplementation combined with rehabilitation on muscle volume after acute muscle strain injuries: a randomized controlled trial; treatment of knee osteoarthritis with autologous micro-fragmented adipose tissue is not superior to placebo saline. an RCT with 2-year follow-up; people's perceptions about their anterior cruciate ligament injury and its care - a systematic review and qualitative evidence synthesis; investigating missed days from school among high school athletes following sport-related concussion; psychological readiness to return to sport in athletes with hypermobile joints after anterior cruciate ligament reconstruction: a prospective cohort study; does leg dominance matter on the modified balance error scoring system? an investigation in secondary school and university athletes; and diagnostic information has an immediate effect on pain in patients with Achilles tendinopathy? a randomized controlled clinical experiment.",,,"","placebo, sodium chloride","","achilles tendinitis, adipose tissue, adult, anterior cruciate ligament injury, anterior cruciate ligament reconstruction, athlete, cohort analysis, conference review, controlled study, female, follow up, human, knee osteoarthritis, male, muscle mass, muscle strain, randomized controlled trial, rehabilitation, return to sport, scoring system, sport-related concussion, systematic review",,,,,"sodium chloride (7647-14-5, 23724-87-0, 49658-21-1)",,"",,"English",,,,L646471274,,,"https://www.embase.com/search/results?subaction=viewrecord&id=L646471274&from=export","https://catalyst.library.jhu.edu/openurl/01JHU_INST/01JHU_INST:JHU?sid=EMBASE&sid=EMBASE&issn=20557647&id=doi:&atitle=Sportskongres+2025&stitle=BMJ+Open+Sport+Exerc.+Med.&title=BMJ+Open+Sport+and+Exercise+Medicine&volume=11&issue=&spage=&epage=&aulast=&aufirst=&auinit=&aufull=&coden=&isbn=&pages=-&date=2025&auinit1=&auinitm=","Copyright 2025 Elsevier B.V., All rights reserved."
"Sportskongres 2023",,,"",,"",,"2023-03-02","BMJ Open Sport and Exercise Medicine (2023) 9 Supplement 1. Date of Publication: 2023","BMJ Open Sport and Exercise Medicine","2023","9",,,,"2023","Conference Review","Sportskongres 2023","Denmark, Copenhagen","2023-02-02 to 2023-02-04","","2055-7647",,"BMJ Publishing Group","The proceedings contain 45 papers. The topics discussed include: disordered eating, exercise addiction and muscle dysmorphia may predict low energy availability in female athletes; does an activity modification strategy for adolescents with patellofemoral pain and Osgood-Schlatter affect sedentary time? an ancillary analysis; active and sedentary individuals with greater trochanteric pain syndrome display different clinical characteristics: a cross-sectional on-line survey; is absolute or relative knee flexor strength related to patient-reported outcomes in patients with ACL reconstruction with hamstring tendon autograft?; factors associated with good recovery from Achilles tendon rupture at 1 year post rupture; delayed loading following repair of ruptured Achilles tendon - a randomized controlled trial; and association between hip muscle function and hip-specific patient-reported outcomes in patients with longstanding hip and groin pain.",,,"","","","achilles tendon rupture, adolescent, anterior cruciate ligament reconstruction, athlete, clinical feature, conference review, controlled study, eating disorder, exercise addiction, female, hamstring tendon, hip muscle, human, inguinal pain, knee, muscle dysmorphia, muscle function, outcome assessment, patient-reported outcome, randomized controlled trial, sedentary time, surgery, tendon graft",,,,,,,"",,"English",,,,L640418256,,,"https://www.embase.com/search/results?subaction=viewrecord&id=L640418256&from=export","https://catalyst.library.jhu.edu/openurl/01JHU_INST/01JHU_INST:JHU?sid=EMBASE&sid=EMBASE&issn=20557647&id=doi:&atitle=Sportskongres+2023&stitle=BMJ+Open+Sport+Exerc.+Med.&title=BMJ+Open+Sport+and+Exercise+Medicine&volume=9&issue=&spage=&epage=&aulast=&aufirst=&auinit=&aufull=&coden=&isbn=&pages=-&date=2023&auinit1=&auinitm=","Copyright 2023 Elsevier B.V., All rights reserved."
"Is There a Disadvantage to Early Physical Therapy after Multiligament Surgery for Knee Dislocation? A Pilot Randomized Clinical Trial",,"Hoit G., Rubacha M., Chahal J., Khan R., Ravi B., Whelan D.B.","(Hoit G., graeme.hoit@mail.utoronto.ca; Chahal J., jchahal@utosm.com; Ravi B., bheeshma.ravi@sunnybrook.ca; Whelan D.B., daniel.whelan@unityhealth.to) Department of Surgery, Division of Orthopaedics, University of Toronto, Toronto, ON, Canada. , (Rubacha M., mattrubacha@gmail.com) University Hospital and Clinics, Lafayette, LA, United States. , (Rubacha M., mattrubacha@gmail.com) Division of Orthopaedic Surgery, Women's College Hospital, Toronto, ON, Canada. , (Khan R., ryan.khan@unityhealth.to) Division of Orthopaedic Surgery, Sunnybrook Health Sciences Centre, Toronto, ON, Canada. , (Khan R., ryan.khan@unityhealth.to) Division of Orthopaedic Surgery, St. Michael's Hospital, Unity Health, Toronto, ON, Canada.","G. Hoit, Women's College Hospital, Suite 7425, 76 Grenville St., Toronto, ON, Canada. Email: graeme.hoit@mail.utoronto.ca","","2023-02-22",,"Clinical Orthopaedics and Related Research (2021) 479:8 (1725-1736). Date of Publication: 1 Aug 2021","Clinical Orthopaedics and Related Research","2021","479","8","1725","1736","1 Aug 2021","Article",,,,,"1528-1132 (electronic),0009-921X",,"Wolters Kluwer Health Inc","BackgroundMultiligament knee injuries, though rare, can be profoundly disabling. Surgeons disagree about when to initiate rehabilitation after surgical reconstruction due to the conflicting priorities of postoperative stability and motion.Questions/purposes(1) Does early or late initiation of physical therapy after multiligament knee surgery result in fewer postoperative manipulations? (2) Does early versus late physical therapy compromise stability postoperatively? (3) Does early initiation of physical therapy result in improved patient-reported outcomes, as measured by the Multi-ligament Quality of Life (ML-QOL) score?MethodsBetween 2011 and 2016, 36 adults undergoing multiligament repair or reconstruction were prospectively enrolled in a randomized controlled trial and randomized 1:1 to either early rehabilitation or late rehabilitation after surgery. Eligibility included those with an injury to the posterior cruciate ligament (PCL) and at least one other ligament, as well as the ability to participate in early rehabilitation. Patients who were obtunded or unable to adhere to the protocols for other reasons were excluded. Early rehabilitation consisted of initiating a standardized physical therapy protocol on postoperative day 1 involving removal of the extension splint for quadriceps activation and ROM exercises. Late rehabilitation consisted of full-time immobilization in an extension splint for 3 weeks. Following this 3-week period, both groups engaged in the same standardized physical therapy protocol. All surgical reconstructions were performed at a single center by one of two fellowship-trained sports orthopaedic surgeons, and all involved allograft Achilles tendon PCL reconstruction. When possible, hamstring autograft was used for ACL and medial collateral ligament reconstructions, whereas lateral collateral ligament and posterolateral reconstruction was performed primarily with allograft. The primary outcome was the number of patients undergoing manipulation during the first 6 months. Additional outcomes added after trial registration were patient-reported quality of life scores (ML-QOL) at 1 year and an objective assessment of laxity through a physical examination and stress radiographs at 1 year. One patient from each group was not assessed for laxity or ROM at 1 year, and one patient from each group did not complete the ML-QOL questionnaires. No patient crossover was observed.ResultsWith the numbers available, there was no difference in the use of knee manipulation during the first 6 months between the rehabilitation groups: 1 of 18 patients in the early group and 4 of 18 patients in the late group (p = 0.34). Similarly, there were no differences in knee ROM, stability, or patient-reported quality of life (ML-QOL) between the groups at 1 year.ConclusionWith the numbers available in this study, we were unable to demonstrate a difference between early and late knee rehabilitation with regard to knee stiffness, laxity, or patient-reported quality of life outcomes. The results of this small, randomized pilot study suggest a potential role for early rehabilitation after multiligament reconstruction for knee dislocation, which should be further explored in larger multi-institutional studies.Level of EvidenceLevel II, therapeutic study.",,,"","","knee dislocation, physiotherapy","achilles tendon, adult, allograft, article, autograft, clinical article, controlled study, eligibility, exercise, female, hamstring muscle, human, immobilization, knee stiffness, knee surgery, lateral collateral ligament, male, medial collateral ligament, motion, multicenter study, orthopedic surgeon, outcome assessment, patient-reported outcome, physical examination, pilot study, posterior cruciate ligament, posterior cruciate ligament reconstruction, prospective study, quadriceps femoris muscle, quality of life, questionnaire, randomized controlled trial, reconstructive surgery, rehabilitation, splint, sport, stress radiograph, surgery",,,,,,,"",,"English","English",,33729214,L2022747476,10.1097/CORR.0000000000001729,"http://dx.doi.org/10.1097/CORR.0000000000001729","https://www.embase.com/search/results?subaction=viewrecord&id=L2022747476&from=export","https://catalyst.library.jhu.edu/openurl/01JHU_INST/01JHU_INST:JHU?sid=EMBASE&sid=EMBASE&issn=15281132&id=doi:10.1097%2FCORR.0000000000001729&atitle=Is+There+a+Disadvantage+to+Early+Physical+Therapy+after+Multiligament+Surgery+for+Knee+Dislocation%3F+A+Pilot+Randomized+Clinical+Trial&stitle=Clin.+Orthop.+Relat.+Res.&title=Clinical+Orthopaedics+and+Related+Research&volume=479&issue=8&spage=1725&epage=1736&aulast=Hoit&aufirst=Graeme&auinit=G.&aufull=Hoit+G.&coden=CORTB&isbn=&pages=1725-1736&date=2021&auinit1=G&auinitm=","Copyright 2023 Elsevier B.V., All rights reserved."
"Does Functional Neuromuscular Electrical Stimulation (NMES) Influence Calf Atrophy Following Achilles Tendon Surgery? Prospective Double-Blind Randomized Controlled Trial on the Use of Immediate Postoperative Electrical Muscle Stimulation to Preserve Muscle Function and Volume",,"Hyer C.F., Berlet G., Philbin T., Bull P., Brandão R., Prissel M., Malay D.S.","(Hyer C.F., hyerofac@gmail.com; Berlet G.; Philbin T.; Bull P.; Prissel M.) Attending Physician, Orthopedic Foot and Ankle Center, Worthington, OH, United States. , (Brandão R.) Fellow Foot and Ankle Surgery, Orthopedic Foot and Ankle Center, Worthington, OH, United States. , (Malay D.S.) Director of Podiatric Research and Staff Surgeon, Penn Presbyterian Medical Center, Philadelphia, PA, United States.","C.F. Hyer, 350 W., Wilson Bridge Road, Suite 200, Worthington, OH, United States. Email: hyerofac@gmail.com","","2021-03-25","2022-02-23","Journal of Foot and Ankle Surgery (2021) 60:4 (683-688). Date of Publication: 1 Jul 2021","Journal of Foot and Ankle Surgery","2021","60","4","683","688","1 Jul 2021","Article",,,,,"1542-2224 (electronic),1067-2516",,"Academic Press Inc.","Surgical repair of the Achilles tendon can lead to prolonged calf atrophy and functional limitations, even with early weightbearing. The use of neuromuscular electrical stimulation (NMES) has been studied in muscle rehabilitation programs following anterior cruciate ligament repair. Accelerated recovery and pain reduction were noted. The aim of the present study was to evaluate the use of electrical stimulation on maintaining calf muscle cross-sectional area volume and improving patient reported outcome measures following Achilles tendon surgery. Randomized controlled clinical trial. Forty patients were enrolled. All patients had undergone repair of the Achilles tendon. A 4 lead NMES device was applied at time of surgery with both patient and surgeon blinded to activity of the device. All patients followed a standardized postoperative protocol. Group 1 consisted of 20 patients who received protocol specific NMES. Group 2 was the “sham device” control group, receiving subtherapeutic electrical stimulation. Preoperative and postoperative calf circumference (2, 6, 12 weeks) and magnetic resonance imaging (MRI) scans (2, 6 weeks) were conducted. Patient-reported functional outcome scores were measured. Of the 40 patients, 23 (57.5%) were male and 17 (42.5%) were female. The mean age was 48.9 years (11.1 standard deviation [SD]) with a mean body mass index of 32.2 kg/m(2) (5.7 SD). Calf measurements for Group 1 (39.3 cm and 39.7 cm) were slightly higher compared Group 2 (38.4 cm and 39.2 cm) at 6 and 12 weeks postoperative. Functional scores were similar between Groups 1 and 2 at final follow-up. Foot/Ankle Computer Adaptive Test scores were 55.1 (6.9 SD) versus 58.4(8.6 SD), and American Orthopaedic Foot and Ankle Society Ankle-Hindfoot scores were 82.3 (8.2 SD) and 83.9 (9.3 SD), respectively. The visual analog scale at 12-week visit for Groups 1 and 2 was 8.4 (9.3 SD) and 8.4 (9.1 SD), respectively. This prospective randomized controlled trial was undertaken to quantify and validate the effect and ability of NMES to minimize calf atrophy after acute or chronic repair. No statistically significant difference was found between active NMES and sham control group. There was a trend showing some maintenance of calf volume per MRI study.",,"1,Achilles rehabilitation,calf atrophy,muscle size,nerve stimulation,TENS unit","","","achilles tendon, atrophy (surgery), muscle function, muscle mass, neuromuscular electrical stimulation, triceps surae muscle","adult, anterior cruciate ligament reconstruction, article, body mass, calf circumference, clinical article, computer assisted tomography, controlled study, deep vein thrombosis, double blind procedure, edema, female, gastrocnemius muscle, human, male, middle aged, muscle excitation, nerve stimulator, nuclear magnetic resonance imaging, pain, postoperative complication, prospective study, randomized controlled trial, skin irritation, tobacco use, visual analog scale",,,,,,,"Clinical and Experimental Biochemistry (29), Orthopedic Surgery (33), Neurology and Neurosurgery (8)","ClinicalTrials.gov (NCT01833936)","English","English",,33736944,L2011398897,10.1053/j.jfas.2020.12.005,"http://dx.doi.org/10.1053/j.jfas.2020.12.005","https://www.embase.com/search/results?subaction=viewrecord&id=L2011398897&from=export","https://catalyst.library.jhu.edu/openurl/01JHU_INST/01JHU_INST:JHU?sid=EMBASE&sid=EMBASE&issn=15422224&id=doi:10.1053%2Fj.jfas.2020.12.005&atitle=Does+Functional+Neuromuscular+Electrical+Stimulation+%28NMES%29+Influence+Calf+Atrophy+Following+Achilles+Tendon+Surgery%3F+Prospective+Double-Blind+Randomized+Controlled+Trial+on+the+Use+of+Immediate+Postoperative+Electrical+Muscle+Stimulation+to+Preserve+Muscle+Function+and+Volume&stitle=J.+Foot+Ankle+Surg.&title=Journal+of+Foot+and+Ankle+Surgery&volume=60&issue=4&spage=683&epage=688&aulast=Hyer&aufirst=Christopher+F.&auinit=C.F.&aufull=Hyer+C.F.&coden=JFSUE&isbn=&pages=683-688&date=2021&auinit1=C&auinitm=F","Copyright 2022 Elsevier B.V., All rights reserved."
"Abstracts Presented at the 38th Annual Meeting of the Arthroscopy Association of North America",,,"",,"",,"2020-01-14","Arthroscopy - Journal of Arthroscopic and Related Surgery (2019) 35:12 Supplement (e1-e36). Date of Publication: 1 Dec 2019","Arthroscopy - Journal of Arthroscopic and Related Surgery","2019","35","12","e1","e36","1 Dec 2019","Conference Review","38th Annual Meeting of the Arthroscopy Association of North America","United States, Orlando","2019-05-02 to 2019-05-04","","1526-3231 (electronic),0749-8063",,"W.B. Saunders","The proceedings contains 84 papers. The topics discussed include: Comparison of Tendon Lengthening with Traditional vs. Accelerated Rehab Following Achilles Tendon Repair: A Randomized Controlled Trial;Postoperative Opioid Usage Following Outpatient Arthroscopic Sports Medicine Procedures;Comparison of the Rate of Nonunion or Delayed Union in Fifth Metatarsal Fractures Receiving Anti-Inflammatory Medications;Preoperative Changes in the Biomarker Profile of the Knee before Anterior Cruciate Ligament (ACL) Reconstruction;Outcomes for Selective Repair of the Anterior Cruciate Ligament with Suture Augmentation and Minimum Two Year Follow-up;Failure and Reoperation Rates Following Arthroscopic Primary Repair versus Reconstruction of the Anterior Cruciate Ligament;Clinical Outcomes of Combined Anterior Cruciate and Anterolateral Ligament Reconstruction in A Series of Seventy Professional Athletes;Is Intraoperative Fluoroscopy Necessary to Confirm Device Position for Femoral Sided Cortical Suspensory Fixation during Anterior Cruciate Ligament Reconstruction?;Knee Lateral Extra-articular Tenodesis Decreases In-situ Force in the ACL;Epidemiological Evaluation of Meniscal Ramp Lesions in 3214 ACL-Injured Knees: A Risk Factor Analysis and Study of Secondary Meniscectomy Rates;Long-term Survival of Meniscus Allograft Transplantation in an Arthritic Population: Time to Abandon Restricted Indications for Transplantation.;Comparison of Traditional Physical Therapy to Internet-Based Physical Therapy after Knee Arthroscopy: A Prospective Randomized Controlled Trial Comparing Patient Outcomes and Satisfaction;The Risk of Extrusion: Insights on Meniscus Tear Patterns from the Osteoarthritis Initiative;Clinically Significant Outcomes in Isolated Arthroscopic Partial Meniscectomy: A Multivariate Time-To-Event Analysis;Avoiding Damage to the Popliteal Neurovascular Bundle in All-Inside Suturing of the Posterior Horn of the Lateral Meniscus: An MRI Assessment of Portal Selection and Safety;The Biomechanical Effects of Lateral Release on Lateral Patellar Displacement at Varying Flexion Angles",,,"","biological marker, opiate","knee arthroscopy, North America","achilles tendon, adult, anterior cruciate ligament, anterior cruciate ligament reconstruction, clinical outcome, conference review, controlled study, drug safety, drug therapy, female, fluoroscopy, follow up, human, human tissue, impaired fracture healing, intermethod comparison, Internet, knee meniscus rupture, long term survival, male, meniscal transplantation, meniscectomy, nuclear magnetic resonance imaging, osteoarthritis, outpatient, pharmacokinetics, physiotherapy, preoperative evaluation, professional athlete, prospective study, randomized controlled trial, reoperation, risk assessment, risk factor, satisfaction, spinal cord dorsal horn, sports medicine, surgery, suture, tendon reconstruction, tenodesis",,,,,"opiate (53663-61-9, 8002-76-4, 8008-60-4)",,"",,"English","English",,,L2004564762,,,"https://www.embase.com/search/results?subaction=viewrecord&id=L2004564762&from=export","https://catalyst.library.jhu.edu/openurl/01JHU_INST/01JHU_INST:JHU?sid=EMBASE&sid=EMBASE&issn=15263231&id=doi:&atitle=Abstracts+Presented+at+the+38th+Annual+Meeting+of+the+Arthroscopy+Association+of+North+America&stitle=Arthroscopy+J.+Arthroscopic+Relat.+Surg.&title=Arthroscopy+-+Journal+of+Arthroscopic+and+Related+Surgery&volume=35&issue=12&spage=e1&epage=e36&aulast=&aufirst=&auinit=&aufull=&coden=&isbn=&pages=e1-e36&date=2019&auinit1=&auinitm=","Copyright 2020 Elsevier B.V., All rights reserved."
"Comparison of Tendon Lengthening With Traditional vs. Accelerated Rehab Following Achilles Tendon Repair: A Prospective Randomized Controlled Trial",,,"",,"","2025-06-01","2025-06-01","clinicaltrials.gov (2019). Date of Publication: 7 Aug 2019","clinicaltrials.gov","2019",,,,,"7 Aug 2019","Clinical Trial",,,,,,,"clinicaltrials.gov","Brief SummaryThe purpose of this study is to evaluate the surgically repaired tendon of a ruptured achilles tendon. We will investigate fixation slippage and tendon creep and correlate how these post-repair findings can contribute to outcomes of tendon repairs.Detailed Descriptionpture of the Achilles tendon is a relatively common injury among athletes involved in sports which require rapid direction changes and accelerations, such as soccer, sprinting, and basketball. Approximately 80% of ruptures occur during recreational sports, but it can also occur in sedentary individuals. An increase in recreational sport involvement has coincided with an increase in Achilles tendon ruptures. The most common age group for this injury is between 30 and 40 years old, and it is more likely to occur in males. It is thought that rupture in this age group is highest due to the co-occurrence of competitive sports and age- related degenerative changes. Tendons changes occur as we age. There is decreased collagen density and fewer cross links, which alters the integrity of the tendon and its sheath. These changes, in addition to repetitive microtrauma, can cause the Achilles tendon to become calcified and thickened. Alteration in the elasticity of the tendon can set the stage for a rupture during abrupt increases in training intensity or during competitions. The Achilles tendon is the largest tendon in the body, and it receives its blood supply from the gastroc- soleus complex. The blood supply is weakest between 2cm and 6cm from the tendon's insertion on the calcaneus, which is also the region where it is most likely to rupture. The current recommendation for acute Achilles rupture is surgical repair, but there is no consensus regarding surgical versus nonsurgical treatment (immobilization, rehab, etc.). Surgical repair is thought to reduce the rates of re-rupture but also cause an increased risk of complications. There does not appear to be a difference in pre-injury activity levels between the two methods. Tendons have excellent healing potential when the torn ends are reasonably approximated. Optimal tendon healing depends on surgical apposition and mechanical stabilization of the tendon ends. Once a tendon has been repaired, the suture material holds the tendon ends together, allowing fibroblasts to produce sufficient amounts of collagen to form a tendon callus. In contrast with approximated tears, neglected ruptures with retraction of the proximal portion of the tendon heal with scar tissue, resulting in a lengthened, weakened musculotendinous unit. Poor muscle function will result without restoration of normal tendon length. Studies of tendon healing have indicated that early controlled motion and tensile stress applied to a repaired tendon promote earlier organization and remodeling of collagen fibers, decreased scar tissue, and increased strength compared with tendon immobilization. Previous studies involving Rotator cuff repairs and ACL ligament reconstructions have employed the use of Tantalum Beads and roentgen stereophotogrammetric analysis to evaluate the creep or stretch of repaired soft tissue. These studies show that there appears to be soft tissue stretch/creep that occurs as tendon and ligament repairs/reconstructions heal. A surgeon's knowledge of how a repaired soft tissue will deform or stretch will be an undoubted asset to patient care and management. This knowledge will be invaluable for the surgeon in regards to appropriately preparing a tendon for repair, directly repairing the tendon and appropriately tensioning of the repair. It will also give valuable information for rehabilitation protocols and activity limitations post-operatively. The safety of tantalum material has well been described in the orthopaedic literature. It is currently used in implants ranging from cervical spinal fusions to femoral rods without side effects. Recently a prospective study looking at creep in rupture biceps tendons has been completed our institution. This study will use stereophotogrammetric analysis to expand our investigations to include Achilles tendon.",,"Achilles Tendon Rupture,Achilles tendon repair","","collagen, suture material, tantalum","achilles tendon, achilles tendon rupture, tendon, tendon reconstruction, tenotomy","acceleration, adult, athlete, basketball, biceps brachii muscle, calcaneus, calcification, callus, cervical fusion (procedure), clinical trial, collagen fiber, conservative treatment, cross linking, elasticity, female, femur, fibroblast, human, immobilization, ligament, ligament surgery, male, microtrauma, muscle function, prospective study, randomized controlled trial, rehabilitation protocol, rotator cuff repair, scar tissue, soccer, soft tissue, surgery, triceps surae muscle, vascularization",,,,,,,"",,"English","English",,,LNCT04050748,,"https://clinicaltrials.gov/study/NCT04050748","https://www.embase.com/search/results?subaction=viewrecord&id=LNCT04050748&from=export",,"This record is sourced from clinicaltrials.gov, an official website of the U.S. Department of Health and Human Services, National Institutes of Health, National Library of Medicine, and National Center for Biotechnology Information. Please visit clinicaltrials.gov for latest updates on this record."
"Prospective Evaluation of Osseous Integration and Patient Outcomes In Allograft ACL Reconstruction Comparing Tightrope Versus Biocomposite Interference Screw Fixation",,,"",,"","2025-05-26","2025-05-26","clinicaltrials.gov (2019). Date of Publication: 7 Feb 2019","clinicaltrials.gov","2019",,,,,"7 Feb 2019","Clinical Trial",,,,,,,"clinicaltrials.gov","Brief SummaryThe purpose of our study was to compare osseous integration of the bone block in Achilles tendon allograft ACL reconstruction using a cortical button versus biocomposite interference screw fixation. The primary outcome was bone block incorporation within the femoral tunnel at six months. Our null hypothesis was that there is no difference in osseous incorporation or outcome with either type of femoral fixation in primary ACL reconstruction with Achilles tendon allograft. Our secondary outcomes were pain and clinical outcome scores between the two groups.Detailed DescriptionAfter obtaining institutional review board approval the investigators conducted this prospective randomized controlled trial with goal of 1:1 allocation ratio between the two study groups. All subjects were recruited at the preoperative appointments. The senior investigator discussed ACL reconstruction with the patients. Appropriate preoperative counseling was performed regarding graft options. If inclusion criteria were met, patients received information about the study. Informed consent was obtained from those choosing to enroll in the study including consent for a CT scan at the six month postoperative time period. The patients were randomized for fixation technique on the day of surgery from a list using the medical record number. Patients underwent ACL reconstruction with Achilles tendon allograft with femoral-sided bone block fixation with either (1) a biocomposite interference screw (aperture fixation) or (2) cortical button (suspensory fixation). The inclusion criteria included patients between the ages of 18 and 50 able to provide informed consent with ACL tears meeting the indications for reconstruction and electing to undergo reconstruction with an Achilles tendon allograft. Excluded patients included those with a history of prior ACL reconstruction, pregnancy, inflammatory disease, a primary bone disorder, those taking bone resorption inhibitor medications, and those with injuries to the collateral ligaments or posterior cruciate ligament. All surgeries were performed by a single surgeon at a single institution using the same technique. Initial diagnosis of ACL deficiency was made on physical exam and magnetic resonance imaging. This was confirmed with arthroscopy at the beginning of the case. The Achilles-calcaneal bone allograft was thawed. The tendinous portion was tubularized and whip-stitched with a locking Fiberloop suture (Arthrex, North Naples, FL, USA). Sutures were passed through the bone block and the graft diameter was measured. The graft was then pre-tensioned. Femoral tunnels were made using the anteromedial portal at 120 degrees of knee flexion. The tibial tunnel was created using an outside-in technique over a pin centered at the ACL footprint. In the aperture fixation group, the bone graft end was pulled through into the femoral tunnel and secured with a biocomposite interference screw (BioComposite Screw, Arthrex, North Naples, FL; or MILAGRO screw, DePuy Mitek, Raynham, MA, USA). In the suspensory fixation group, a cortical button (TightRope, Arthrex, North Naples, FL, USA) was pulled through the femoral cortex and used to shuttle the Achilles bone plug into the femoral tunnel until it was just recessed within the medial intercondylar surface. In both groups, tibial fixation was identical with a bioabsorbable interference screw (BioComposite Screw, Arthrex, North Naples, FL, USA or Milagro screw) and a backup knotless anchor (4.5 mm Biomet Peek knotless anchor, Biomet, Warsaw, IN, USA). The graft was fixed at near full extension after having cycled the knee through range of motion with the graft tensioned. All patients underwent a specified ACL post-operative rehabilitation protocol depending on concomitant pathology. Cycling was permitted at the six-week mark. In-line jogging typically was allowed at four months with initiation of pivoting motions at seven to eight months. Full return to sports was allowed after nine months. Younger patients enrolled in a sports metrics program followed by a functional ACL exam prior to return to sports. A commuted tomography (CT) scan of the operative knee was obtained postoperatively at six months. Demographic data including age, gender, and body mass index were collected. The primary outcome measure was bony incorporation of the bone block within the femoral tunnel with CT scan. This was assessed with the femoral ossification score as determined by three board certified radiologists. The femoral ossification score was devised as a practical means of semi-quantitatively assessing the degree of bone incorporation around the femoral bone plug or screw fixation device present in each patient. Each CT scan score assessment was performed by one of three musculoskeletal fellowship-trained radiologists. Whenever an ossification score was deemed to be borderline between two categories, a consensus score was determined by two of the radiologists. The impression in the CT report included the femoral ossification score as well as a footnote with the entire scale to explain the score. Secondary outcome measures included pain score on a visual analogue scale (VAS) obtained preoperatively, at the first post-operative visit, and at return to sports. Physical examination findings included range of motion (ROM) and Lachman grading which were measured preoperatively and at return to sporting activities. Finally, the International Knee Documentation Committee (IKDC) subjective knee evaluation score, Tegner-Lysholm Knee score, and Cincinnati Knee Rating system scores were assessed both pre-operatively and post-operatively at return to sports.",,"ACL - Anterior Cruciate Ligament Rupture,Biocomposite intereference screw femoral tunnel fixation,Endobutton (Tightrope) femoral tunnel fixation","","proquazone","allograft, anterior cruciate ligament, anterior cruciate ligament reconstruction, anterior cruciate ligament rupture, femur, interference screw, internal fixator, osseointegration, treatment outcome","achilles tendon, adult, benchmarking, bioabsorbable interference screw, biodegradable interference screw, body mass, bone allograft, bone graft, bone plug, calcaneus, clinical article, clinical outcome, clinical trial, collateral ligament, computer assisted tomography, controlled study, cortical button, cycling, diagnosis, drug therapy, female, human, informed consent, International Knee Documentation Committee scale, jogging, knee function, Lysholm score, male, middle aged, nuclear magnetic resonance imaging, orthopedic fixation device, ossification, osteolysis, physical examination, posterior cruciate ligament, radiologist, randomized controlled trial, range of motion, rehabilitation protocol, return to sport, surgery, suture, tendon graft, visual analog scale",,,,,,,"",,"English","English",,,LNCT03841500,,"https://clinicaltrials.gov/study/NCT03841500","https://www.embase.com/search/results?subaction=viewrecord&id=LNCT03841500&from=export",,"This record is sourced from clinicaltrials.gov, an official website of the U.S. Department of Health and Human Services, National Institutes of Health, National Library of Medicine, and National Center for Biotechnology Information. Please visit clinicaltrials.gov for latest updates on this record."
"Single-bundle anterior cruciate ligament reconstruction in active young men using bone-tendon achilles allograft versus free tendon achilles allograft",,"Noh J.H., Yang B.G., Yi S.R., Roh Y.H., Lee J.S.","(Noh J.H.) Department of Orthopaedic Surgery, Kangwon National University Hospital, Chuncheon-si, South Korea. , (Yang B.G.; Yi S.R.; Lee J.S.) Department of Orthopaedic Surgery, National Police Hospital, Seoul, South Korea. , (Roh Y.H., ryhak@hanmail.net) Department of Orthopaedic Surgery, Gil Medical Center, Gachon University School of Medicine, 1198 Kuwol-dong, Namdong-gu, Incheon 405-760, South Korea.","Y.H. Roh, Department of Orthopaedic Surgery, Gil Medical Center, Gachon University School of Medicine, 1198 Kuwol-dong, Namdong-gu, Incheon 405-760, South Korea. Email: ryhak@hanmail.net","","2013-01-30","2013-03-29","Arthroscopy - Journal of Arthroscopic and Related Surgery (2013) 29:3 (507-513). Date of Publication: March 2013","Arthroscopy - Journal of Arthroscopic and Related Surgery","2013","29","3","507","513","March 2013","Article",,,,,"0749-8063,1526-3231 (electronic)",,"W.B. Saunders, Independence Square West, Philadelphia, United States.","Purpose: The purpose was to prospectively compare the outcomes of anterior cruciate ligament (ACL) reconstruction using bone-tendon Achilles allograft with those of free tendon Achilles allograft in 2 groups of active young men. Methods: We enrolled 72 subjects in the study. Of these, 33 subjects who had ACL reconstruction with Achilles allograft with calcaneal bone block on its end (group I) and 34 who had ACL reconstruction with free tendon Achilles allograft (group II) were followed up for a minimum of 2 years. The Lachman test, pivot-shift test, and 1-leg hop test were evaluated at the last follow-up. The International Knee Documentation Committee classification, Lysholm score, and side-to-side difference were assessed preoperatively and at the last follow-up. The Tegner activity scale was evaluated before injury and at the last follow-up. Results: The mean follow-up period was 30.9 months (range, 26 to 38 months). At the last follow-up, there were no statistically significant differences between the 2 groups for the Lachman test, pivot-shift test, 1-leg hop test, International Knee Documentation Committee classification, Lysholm score, and side-to-side difference (P >.05). Three subjects in group I and three in group II showed an activity level 2 steps below the preinjury activity level. The rest of the subjects returned to the preinjury activity level or showed a level 1 step below the preinjury activity level. Conclusions: There were no significant differences in clinical outcomes of ACL reconstructions using Achilles allograft between the bone-tendon group and the free tendon group in active young men. Free tendon Achilles allograft may be considered an option for ACL reconstruction. Level of Evidence: Level II, therapeutic study, randomized controlled trial. © 2013 by the Arthroscopy Association of North America.",,,"","","achilles tendon, anterior cruciate ligament reconstruction, bone tendon achilles allograft, free tendon achilles allograft, tendon graft","adult, ankle fracture, article, assessment of humans, bone and joint infections, bone screw, calcaneus, comparative study, controlled study, female, follow up, function test, human, human experiment, International Knee Documentation Committee classification, lachman test, Lysholm score, male, one leg hop test, outcome assessment, pivot shift test, prospective study, randomized controlled trial, Tegner activity score",,,,,,,"Orthopedic Surgery (33)",,"English","English",2013177317,23369444,L52414345,10.1016/j.arthro.2012.10.023,"http://dx.doi.org/10.1016/j.arthro.2012.10.023","https://www.embase.com/search/results?subaction=viewrecord&id=L52414345&from=export","https://catalyst.library.jhu.edu/openurl/01JHU_INST/01JHU_INST:JHU?sid=EMBASE&sid=EMBASE&issn=07498063&id=doi:10.1016%2Fj.arthro.2012.10.023&atitle=Single-bundle+anterior+cruciate+ligament+reconstruction+in+active+young+men+using+bone-tendon+achilles+allograft+versus+free+tendon+achilles+allograft&stitle=Arthroscopy+J.+Arthroscopic++Relat.+Surg.&title=Arthroscopy+-+Journal+of+Arthroscopic+and+Related+Surgery&volume=29&issue=3&spage=507&epage=513&aulast=Noh&aufirst=Jung+Ho&auinit=J.H.&aufull=Noh+J.H.&coden=ARTHE&isbn=&pages=507-513&date=2013&auinit1=J&auinitm=H","Copyright 2013 Elsevier B.V., All rights reserved."
"Hybrid tibial fixation for anterior cruciate ligament reconstruction with achilles tendon allograft",,"Noh J.H., Yang B.G., Yi S.R., Roh Y.H., Lee J.S.","(Noh J.H.) Kangwon National University Hospital, Chuncheon, South Korea. , (Yang B.G.; Yi S.R.; Lee J.S.) National Police Hospital, Seoul, South Korea. , (Roh Y.H., ryhak@hanmail.net) Department of Orthopaedic Surgery, Gachon Medical School, Gachon University, 1198 Kuwol-dong, Namdong-gu, Incheon 405-760, South Korea.","Y.H. Roh, Department of Orthopaedic Surgery, Gachon Medical School, Gachon University, 1198 Kuwol-dong, Namdong-gu, Incheon 405-760, South Korea. Email: ryhak@hanmail.net","","2012-06-28","2012-10-11","Arthroscopy - Journal of Arthroscopic and Related Surgery (2012) 28:10 (1540-1546). Date of Publication: October 2012","Arthroscopy - Journal of Arthroscopic and Related Surgery","2012","28","10","1540","1546","October 2012","Article",,,,,"0749-8063,1526-3231 (electronic)",,"W.B. Saunders, Independence Square West, Philadelphia, United States.","Purpose: To compare clinical outcomes of tibial fixation between a biodegradable interference screw only and a biodegradable interference screw supplemented by a post-tie using a washer screw in single-bundle anterior cruciate ligament (ACL) reconstruction with 2-strand free tendon Achilles allograft in active young men. Methods: A prospective study was performed in 80 subjects who underwent single-bundle ACL reconstruction. A 2-strand free tendon Achilles allograft fixed with an EndoButton (Smith & Nephew, Andover, MA) in the femoral tunnel and with a Bio-Interference screw (Arthrex, Naples, FL) in the tibial tunnel was used in group I. Supplementary fixation was performed with a post-tie using a washer screw in group II. The Lachman test, pivot-shift test, International Knee Documentation Committee classification, Lysholm score, range of knee motion, and side-to-side difference were evaluated preoperatively and at the last follow-up. The Tegner activity scale was evaluated before injury and at the last follow-up. The 1-leg hop test was assessed at the last follow-up. Results: Of the patients, 36 in group I and 35 in group II could be followed up for at least 2 years. At the last follow-up, 7 patients in group I and 1 in group II showed a 2+ or 3+ on the Lachman test (P =.027). The mean side-to-side difference was 2.9 ± 2.3 mm in group I and 1.4 ± 1.6 mm in group II at the last follow-up (P =.002). The other clinical outcomes were not significantly different between the 2 groups. Conclusions: Supplementary tibial fixation with a post-tie in ACL reconstruction using 2-strand free tendon Achilles allograft was more effective than a biodegradable interference screw only in restoration of the anterior stability of the tibia. Level of Evidence: Level II, randomized controlled trial. © 2012 Arthroscopy Association of North America.",,,"","","achilles tendon allograft, anterior cruciate ligament reconstruction, single bundle anterior cruciate ligament reconstruction, tendon graft","adult, article, biodegradable interference screw, clinical classification, follow up, function test, human, intermethod comparison, International Knee Documentation Committee classification, lachman test, Lysholm score, major clinical study, outcome assessment, pivot shift test, preoperative evaluation, prospective study, range of motion, scoring system",,,"BioInterference (Arthrex, United States), EndoButton (Smith and Nephew, United States)","Arthrex (United States), Smith and Nephew (United States)",,,"Biophysics, Bioengineering and Medical Instrumentation (27), Orthopedic Surgery (33)",,"English","English",2012575586,22732367,L52077025,10.1016/j.arthro.2012.03.012,"http://dx.doi.org/10.1016/j.arthro.2012.03.012","https://www.embase.com/search/results?subaction=viewrecord&id=L52077025&from=export","https://catalyst.library.jhu.edu/openurl/01JHU_INST/01JHU_INST:JHU?sid=EMBASE&sid=EMBASE&issn=07498063&id=doi:10.1016%2Fj.arthro.2012.03.012&atitle=Hybrid+tibial+fixation+for+anterior+cruciate+ligament+reconstruction+with+achilles+tendon+allograft&stitle=Arthroscopy+J.+Arthroscopic++Relat.+Surg.&title=Arthroscopy+-+Journal+of+Arthroscopic+and+Related+Surgery&volume=28&issue=10&spage=1540&epage=1546&aulast=Noh&aufirst=Jung+Ho&auinit=J.H.&aufull=Noh+J.H.&coden=ARTHE&isbn=&pages=1540-1546&date=2012&auinit1=J&auinitm=H","Copyright 2013 Elsevier B.V., All rights reserved."
